edad,anim,pito,walo,siyam,sampu,labing isa,labing dalawa,six years old,seven years old,eight years old,nine years old,ten years old,eleven years old,twelve years old,,,,,,,,,,
kasarian,babae,lalaki,,,,,,,,,,,,,,,,,,,,,,
nag-aaral ka pa ba?,oo,hindi na,hindi,,,,,,,,,,,,,,,,,,,,,
baitang,grade one,grade two,grade three,grade four,grade five,grade six,grade seven,,,,,,,,,,,,,,,,,
gaano ka katangkad?,hindi ko alam,hindi ko matandaan,hindi pa nakakapaguskat,,,,,,,,,,,,,,,,,,,,,
ano ang timbang mo? ang timbang mo ba ay nadagdagan o nabawasan,nabawasan,pareho lang,pumayat,hindi pa nakakapagtimbang,nadagdagan,tumaba,nagkalaman,,,,,,,,,,,,,,,,,
mga iniinom na gamot or bitamina,hindi ko matandaan,vitamins,pedzinc,gummies,i forgot,"ceelin plus, growee",ceelin,vitamin c,propan tlc,ceelin chewables,vitamin c,vitamin a,"nutriplex, growee",cherifer,appetazon nova c,"fern c, pryze kids","celermin tableta, ceelin plus","b complex, lysine iron",neurolem,nutriplex,cherifer immunomax,alka c,nutrilyn,scotts
araw-araw mo ba ito iniinom?,hindi din po,arawaraw,oo,gabigabi,,,,,,,,,,,,,,,,,,,,
"meron ka bang allergy sa, pagkain, gamot, alikabok, polen,buhok ng hayop?",pagkain,gamot,alikabok,polen,buhok ng hayop,wala po,hindi ko alam,,,,,,,,,,,,,,,,,
pagkain,patis,bawang kapag hinihiwa,dilis,mani,wala po,hipon,malalansa,,,,,,,,,,,,,,,,,
gamot,wala po,hindi ko alam,meron pero nakalimutan ko na,biogesic,,,,,,,,,,,,,,,,,,,,
buhok ng hayop?,pusa,hamster,aso,pusa,manok,hindi ko alam,nakalimutan ko na,,,,,,,,,,,,,,,,,
kapag nakalanghap o nakakain ng mga bagay na ikaw ay may alerdyi anu ang iyong nararamdaman?,hirap huminga,nagpapantal,pangangati,pamamaga,pamumula,pagbaing,pangangati ng ilong,pag ubo,panghihina,pagsakit ng ulo,nasusuka at pagsusuka,pagtatae,hindi ko alam,nakalimutan ko na,,,,,,,,,,
kailan mo huling naramdaman ang mga sintomas ng iyong alerdyi?,ngayon,kahapon,nung isang araw,nung isang linggo,nakalipas na taon,nakalimutan ko na,nung baby pa ako,,,,,,,,,,,,,,,,,
gaano katagal tumagal ang sintomas?,tatlumpu segundo,tatlong minuto,ilang minuto,isang oras,isang araw,dalawang araw,tatlong araw,nakalimutan ko na,hindi ko alam,,,,,,,,,,,,,,,
ano ang ginagawa mo kapag ikaw ay may alerdyi?,umiinom ng madaming tubig,mag inhaler,pinapabayaan lang,wala,hindi ko alam,,,,,,,,,,,,,,,,,,,
anong gamot ang inilalagay o iniinom mo para sa iyong alerdyi?,antihistamine,wala,hindi ko alam,bronchodilator,,,,,,,,,,,,,,,,,,,,
ano ang ginagawa mo kapag ikaw ay may alerdy?,spray sa ilong,pangpahid sa balat,yelo,wala,hindi ko alam,,,,,,,,,,,,,,,,,,,
nabawasan o nawala ba ang mga sintomas matapos uminom ng gamot?,oo,siguro,hindi ko alam,,,,,,,,,,,,,,,,,,,,,
ikaw ba ay may ubo?,meron,oo,wala,wala naman,wala po,,,,,,,,,,,,,,,,,,,
kailan ito nagsimula?,ngayon lang,kahapon,nung isang araw,nung isang linggo,,,,,,,,,,,,,,,,,,,,
ilang araw ka na may ubo?,tatlong araw na,dalawang araw na,isang araw,,,,,,,,,,,,,,,,,,,,,
may plema?,opo,walang plema,hindi ko alam,,,,,,,,,,,,,,,,,,,,,
"anong kulay ito? (clear, green, red)",yellow,white,green,,,,,,,,,,,,,,,,,,,,,
sinisipon at nilalagnat ka rin ba?,may lagnat at sipon,may lagnat,may sipon,walang lagnat,walang sipon,wala,hindi ko alam,,,,,,,,,,,,,,,,,
anu ang ginawa mo para mawala ang iyong ubo?,umiinom ng maraming tubig,pahinga,inom ng gamot,kain ng prutas,wala,pinabayaan ko lang,,,,,,,,,,,,,,,,,,
may iniinom ka bang gamot para sa ubo?,,wala,oo,hindi ko alam,,,,,,,,,,,,,,,,,,,,
may iniinom ka bang gamot para sa ubo?,wala,loviscol,robitussin,lagundi,ambroxol,,,,,,,,,,,,,,,,,,,
kailan ka huling nagkaubo?,ngayon,kahapon,nung isang araw,nung isang linggo,nakaraang taon,hindi ko alam,matagal na,,,,,,,,,,,,,,,,,
madalas ka bang magka-ubo?,madalas,hindi,minsan lang,ewan ko,hindi ko alam,,,,,,,,,,,,,,,,,,,
"anu ang ginagawa mo para mawala ang iyong ubo? (umiinom ng maraming tubig, kumakain ng prutas na may bitamin c, paginom ng bitamin c, pahinga at tulog)",umiinom ng maraming tubig,kumakain ng prutas na may bitamin c,umiinom ng bitamin c,nagpapahinga at natutulog,umiinom ng gamot,sumisipsip ng menthol kendi,,,,,,,,,,,,,,,,,,
anong gamot ang iniinom mo kapag ikaw ay may ubo?,robitussin,loviscol,ambroxol,nakalimutan ko na,hindi ko alam,,,,,,,,,,,,,,,,,,,
ikaw ba ay may sipon?,sipon,oo,wala,wala naman,,,,,,,,,,,,,,,,,,,,
kailan ito nagsimula?,ngayon,kahapon,nung isang araw,nung isang linggo,nakalimutan ko na,hindi ko alam,,,,,,,,,,,,,,,,,,
ilang araw ka na sinisipon?,tatlong araw,apat na araw,tatlong  araw,dalawang araw,isang araw,,,,,,,,,,,,,,,,,,,
ano ang itsura ng iyong sipon?,dilaw,berde,walang kulay,hindi ko alam,nakalimutan ko na,,,,,,,,,,,,,,,,,,,
nilalagnat ka rin ba at inuubo?,oo,nilalagnat at inuubo,nilalagnat lang,inuubo lang,hindi ko alam,nakalimutan ko na,,,,,,,,,,,,,,,,,,
"ano ang ginagawa mo para mawala ang iyong sipon? (umiinom ng maraming tubig, kumain ng prutas na may bitamin c, pag-inom ng bitamin c, pahinga at tulog)",umiinom ng maraming tubig,kumakain ng prutas na may bitamin c,umiinom ng bitamin c,pahinga,natutulog,hindi ko alam,wala,hinahayaan ko lang,,,,,,,,,,,,,,,,
may iniinom ka ba na gamut para sa iyong sipon?,wala,meron,nakalimutan ko na,wala,,,,,,,,,,,,,,,,,,,,
"kung oo, anong gamot ito?",cetirizine,ascep syrup,disudrin,,,,,,,,,,,,,,,,,,,,,
kailan ang huling beses na nagkasipon ka?,ngayon lang,kahapon,nung isang araw,nung isang linggo,isang taon pa,wala,hindi ko alam,,,,,,,,,,,,,,,,,
lagi ka bang may sipon?,,hindi po,wala po,madalas po,minsan po,,,,,,,,,,,,,,,,,,,
"ano ang ginagawa mo para mawala ang iyong sipon? (umiinom ng maraming tubig, kumain ng prutas na may bitamin c, pag-inom ng bitamin c, pahinga at tulog)",umiinom ng maraming tubig,kumakain ng prutas na may bitamin c,umiinom ng bitamin c,pahinga,natutulog,hindi ko alam,wala,hinahayaan ko lang,,,,,,,,,,,,,,,,
anong gamot ang iniinom mo kapag ikaw ay may sipon?,cetirizine,ascep syrup,disudrin,,,,,,,,,,,,,,,,,,,,,
ikaw ba ay may lagnat?,oo,wala,hindi ko alam,,,,,,,,,,,,,,,,,,,,,
kailan ito nagsimula?,ngayon lang,kahapon,nung isang araw,nung isang linggo,hindi ko alam,nakalimutan ko na,,,,,,,,,,,,,,,,,,
ilang araw ka na may lagnat?,apat na araw,tatlong araw,dalawang araw,isang araw,hindi ko alam,nakalimutan ko na,,,,,,,,,,,,,,,,,,
pabalikbalik ba ang lagnat?,oo,hindi,hindi ko alam,minsan,,,,,,,,,,,,,,,,,,,,
"alin sa mga sintomas ang kasabay ng paglalagnat?",mainit na pakiramdam,malamig na pakiramdam,combulsion,panginginig,pananakit ng ulo,pananakit ng katawan,nasusuka at pagsusuka,pagkapagod,pananakit ng tiyan,wala sa nabanggit,,,,,,,,,,,,,,
"anu ang iyong latest na temperatura?",36.5 c,37.5 c,37.8 c,37.9 c,38 c,lampas 38 c,,,,,,,,,,,,,,,,,,
may kasabay bang ubo at sipon?,meron,wala,may ubo,may sipon,may ubo at sipon,hindi ko alam,,,,,,,,,,,,,,,,,,
ano ang ginawa upang mawala ang iyong lagnat?,umiinom ng maraming tubig,nagpupunas ng malamig na bimpo,kumakain ng prutas na mataas sa bitamin c,nagpapahinga,natutulog,naglalagay ng cool fever,wala,pinapabayaan ko lang,,,,,,,,,,,,,,,,
uminom ka ba ng gamot?,oo,hindi,hindi ko alam,nakalimutan ko na,,,,,,,,,,,,,,,,,,,,
anong gamot ang iyong iniinom para sa lagnat?,hindi ko alam,,,,,,,,,,,,,,,,,,,,,,,
kailan ka huling nagkalagnat?,kahapon,nung isang araw,nung isang linggo,nung isang buwan,nung isang taon,,,,,,,,,,,,,,,,,,,
madalas ka bang lagnatin?,oo,hindi,minsan lang,hindi ko alam,nakalimutan ko na,,,,,,,,,,,,,,,,,,,
ano ang ginawa para mawala ang iyong lagnat,umiinom ng maraming tubig,nagpupunas ng malamig na bimpo,kumakain ng prutas na mataas sa bitamin c,nagpapahinga,natutulog,naglalagay ng cool fever,wala,pinapabayaan ko lang,,,,,,,,,,,,,,,,
anong gamot ang iniinom mo para mawala ang madalas mong paglalagnat?,biogesic,paracetamol,hindi ko alam,nakalimutan ko na,calpol,tempra,,,,,,,,,,,,,,,,,,
meron ka bang ka-pamilya o kamag-anak sa ina o ama na merong sakit sa puso?,oo,wala,hindi ko alam,meron ata,,,,,,,,,,,,,,,,,,,,
"kung oo, sa dugo ng ama o ina? o pareho?",ama,ina,ama at ina,hindi ko alam,,,,,,,,,,,,,,,,,,,,
kompleto ba ang iyong bakuna nung sanggol ka pa?,opo,hindi ko po alam,hindi ko matandaan,,,,,,,,,,,,,,,,,,,,,
"meron ka bang sakit sa balat katulad ng soryasis, skin asthma o dermatytis?",soryasis,skin asthma,dermatytis,wala,hindi ko alam,,,,,,,,,,,,,,,,,,,
kailan ito nagsimula?,ngayon lang,kahapon,nung isang araw,nung isang linggo,nakaraang buwan,nakaraang taon,sanggol pa lang ako,nung maliit pa ako,,,,,,,,,,,,,,,,
gaano katagal mo na ito nararanasan?,ilang araw na,ilang linggo na,ilang buwan na,hindi ko alam,nakalimutan ko na,,,,,,,,,,,,,,,,,,,
anong parte ng katawan ang apektado?,ulo,leeg,katawan harap,katawan likod,braso kaliwa,braso kanan,parehong braso,kaliwang kamay,kanang kamay,parehong kamay,kaliwang binti,kanang binti,parehong binti,kaliwang legs,kanang legs,parehong legs,kaliwang paa,kanang paa,buong katawan,,,,,
paano ka nagkakaroon ng sakit mo sa balat?,maalikabok,pagnaiinitan,hindi ko alam,nakalimutan ko na,,,,,,,,,,,,,,,,,,,,
anong ginagawa mo para gumaling ang sakit mo sa balat?,naglalagay ng gamot,naglalagay ng ointment,naglalagay ng losyon,naglalagay ng yelo,naliligo po,hindi ko alam,,,,,,,,,,,,,,,,,,
meron ka bang iniinom o pinapahid sa sakit mo sa balat?,meron,wala,hindi ko akam,nakalimutan ko na,,,,,,,,,,,,,,,,,,,,
"kung oo, anong gamot ito?",ointment,hindi ko alam,nakalimutan ko na,,,,,,,,,,,,,,,,,,,,,
alin sa mga problema sa balat ang meron ka?                                                                                                                                                                                                                                                      1.) pagpapantal 2.) galos 3.) sugat na nagdurugo 4.) panunuyo ng balat 5.) iritasyon ng balat 6.) paso 7.) discolorasyon ng balat 8.) walang problema sa balat,pagpapantal,galos,sugat na nagdurugo,panunuyo ng balat,iritasyon ng balat,paso,discolorasyon ng balat,walang problema sa balat,hindi ko alam,,,,,,,,,,,,,,,
kailan mo ito unang naranasan?,kanina lang,kahapon,nung isang araw,nung isang linggo,nung isang buwan,nakaraang taon,ngayon lang,,,,,,,,,,,,,,,,,
gaano katagal mo na ito nararanasan?,ilang oras,isang araw,dalawang araw,ilang araw,ilang linggo,hindi ko na alam,,,,,,,,,,,,,,,,,,
paulit-ulit ba ang iyong problema sa balat?,hindi naman po,oo,minsan,,,,,,,,,,,,,,,,,,,,,
anong parte ng katawan ang apektado?,ulo,leeg,katawan harap,katawan likod,braso kaliwa,braso kanan,parehong braso,kaliwang kamay,kanang kamay,parehong kamay,kaliwang binti,kanang binti,parehong binti,kaliwang legs,kanang legs,parehong legs,kaliwang paa,kanang paa,buong katawan,,,,,
anong ang dahilan ng sakit mo sa balat?,nadapa ako,kinagat ng lamok,hindi ko nalalagyan ng losyon,nahulog sa bike,nadapa sa hagdan,hindi ko alam,nakalimutan ko na,sugat sa paglalaro,,,,,,,,,,,,,,,,
ano ang ginagawa mo para mawala ang sakit mo sa balat?,naliligo,nagkakamot,wala,pinapabayaan ko lang,,,,,,,,,,,,,,,,,,,,
may iniinom ka bang gamot para sa sakit mo sa balat?,naglalagay ng betadine lang,wala,hindi ko alam,,,,,,,,,,,,,,,,,,,,,
anong itsura ng pantal mo sa katawan?,kalat kalat,maliliit na bilog,malalaking bilog,may nana,may paltos,hindi ko alam,nakalimutan ko na,hindi ko makita,,,,,,,,,,,,,,,,
saan unang lumabas ang pantal?,ulo,leeg,katawan harap,katawan likod,braso kaliwa,braso kanan,parehong braso,kaliwang kamay,kanang kamay,parehong kamay,kaliwang binti,kanang binti,parehong binti,kaliwang legs,kanang legs,parehong legs,kaliwang paa,kanang paa,buong katawan,,,,,
makati ba ito?,hindi,oo,opo,minsan,,,,,,,,,,,,,,,,,,,,
masakit ba ito?,hindi,oo,opo,minsan,,,,,,,,,,,,,,,,,,,,
"mula 1-10, bilang 1 walang sakit, at 10 pinakamasakit gaano ang sakit na iyong nararamdaman?",isa,dalawa,tatlo,apat,lima,anim,pito,walo,siyam,sampu,hindi ko alam,hindi masakit,,,,,,,,,,,,
gaano kalaki ang galos mo?,wala,maliit lang,mas maliit sa piso,kasing laki ng piso,malaki,mahaba,hindi ko alam,magaling na,,,,,,,,,,,,,,,,
ilang galos ang meron ka?,wala,isa,dalawa,tatlo,apat,hindi ko alam,hindi ko mabilang,,,,,,,,,,,,,,,,,
ilan ang sugat na nagdudugo?,wala,isa,dalawa,tatlo,hindi ko mabilang,hindi ko makita,,,,,,,,,,,,,,,,,,
gaano katagal bago tumigil ang pagdurugo?,mabilis lang,saglit lang,ilang segundo lang,tatlong segundo,hindi ko alam,tumigil naman kagad,tumigil naman kagad,,,,,,,,,,,,,,,,,
gaano kalaki ang sugat?,mahaba,maliit lang,mas maliit sa piso,hindi ko alam,,,,,,,,,,,,,,,,,,,,
masakit ba ito?,hindi,hindi naman masyado,oo,,,,,,,,,,,,,,,,,,,,,
"mula 1-10, bilang 1 walang sakit, at 10 pinakamasakit gaano ang sakit na iyong nararamdaman?",wala,isa,dalawa,tatlo,apat,lima,anim,pito,walo,siyam,sampu,hindi ko alam,,,,,,,,,,,,
gaano kalalim ang paso mo sa balat?,namumula,hindi gaano kalalim,kita na yung loob ng balat,kita na yung puti puti ng balat,kita na yung buto buto,paltos lamang,,,,,,,,,,,,,,,,,,
gaano kalaki ang parte na may sunog?,maliit lamang,mas maliit sa piso,mas malaki sa piso,isang buong kamay,parehong kamay,isang paa,parehong paa,kalahati ng likod,buong likod,kalahati ng dibdib,buong dibdib,buong mukha,buong ulo,buong katawan,kalahating hita,buong hita,parehong hita,,,,,,,
masakit ba ito?,oo,mahapdi,hindi gaano,hindi ko alam,,,,,,,,,,,,,,,,,,,,
"mula 1-10, bilang 1 walang sakit, at 10 pinakamasakit gaano ang sakit na iyong nararamdaman?",hindi masakit,isa,dalawa,tatlo,apat,lima,anim,pito,walo,siyam,sampu,hindi ko alam,,,,,,,,,,,,
anong pagbabago ang meron sa iyong balat?,hindi ko alam,hindi ko alam anong tawag,merong parang butlig,nakalimutan ko na,,,,,,,,,,,,,,,,,,,,
tumama na ba ng malakas ang ulo mo kamakailan lamang?,nadapa,nauntog sa pinto,matagal na,hindi,oo,matagal na,nung sanggol pa lang ako,hindi ko alam,nakalimutan ko na,,,,,,,,,,,,,,,
ilang beses ito nangyari?,hindi ko alam,nakalimutan ko na,isa,dalawa,tatlong beses,,,,,,,,,,,,,,,,,,,
kailan ito nangyari?,kanina lang,kahapon lang,nung isang araw lang,nung isang linggo,nung isang buwan,nakaraang taon pa,hindi ko alam,nakalimutan ko na,nung sanggol pa lang ako,,,,,,,,,,,,,,,
saang parte ito ng ulo?,itaas,likod,gilid,likod,hindi ko alam,nakalimutan ko na,,,,,,,,,,,,,,,,,,
ano ang tumama sa iyong ulo?,kisame,sa pinto,sa cabinet,sa hagdan,sa pader,,,,,,,,,,,,,,,,,,,
may kasama bang sugat na nagdurugo o galos?,hindi naman dumugo,wala po,"opo, maliit lang",hindi naman dumugo,,,,,,,,,,,,,,,,,,,,
mga kasabay na sintomas tulad ng?,pagkawala ng malay,pagkahilo,panlalabo ng paningin,nagsusuka at pagsusuka,,,,,,,,,,,,,,,,,,,,
pagkawalan ng malay,hindi po,wala po,nakalimutan ko na,meron,,,,,,,,,,,,,,,,,,,,
pagkahilo,hindi po,wala po,nakalimutan ko na,meron,,,,,,,,,,,,,,,,,,,,
na-ospital ka ba dahil dito?,hindi po,opo,oo,hindi ko alam,nakalimutan ko na,,,,,,,,,,,,,,,,,,,
"kung oo, ano ang ginawa sayo sa ospital?",tinahi yung sugat,check up lamang,inobserbahan,na admit,nilinis lang yung sugat,wala naman,hindi ko alam,nakalimutan ko na,sanggol pa lang ako noon,,,,,,,,,,,,,,,
kung ito ay masakit? i-rate ang sakit mula 1-10 bilang 1 walang sakit ang 10 bilang pinakamasakit.,hindi masakit,isa,dalawa,tatlo,apat,lima,anim,pito,walo,siyam,sampu,,,,,,,,,,,,,
ano ang ginawa mo para gumaling ang sintomas ng pagkakatama mo sa ulo?,wala,pinabayaan ko lang,uminom ng tubig,,,,,,,,,,,,,,,,,,,,,
may nilagay o ininom ka ba na gamot para sa pagkakatama mo sa ulo?,wala,hindi ko alam,nakalimutan ko na,,,,,,,,,,,,,,,,,,,,,
sumasakit ba ang iyong ulo?,sometimes pagnaiinitan,sa gabi,pagmatagal mag gadget,"headphones, mabigat sa ulo",nanunuod ng tv,hindi ko alam,,,,,,,,,,,,,,,,,,
kung ito ay masakit? i-rate ang sakit mula 1-10 bilang 1 walang sakit ang 10 bilang pinakamasakit.,hindi po,minsan,hindi masakit,isa,dalawa,tatlo,apat,lima,anim,pito,walo,siyam,sampu,,,,,,,,,,,
kailan ito nagsimula?,kanina,kahapon,nung isang araw,nung isang linggo,,,,,,,,,,,,,,,,,,,,
gaano katagal mo na ito nararanasan?,segundo,minuto,oras,kalahating araw,isang araw,hindi ko alam,nakalimutan ko na,,,,,,,,,,,,,,,,,
saang parte ito?,"ulo, harap hanggang likod",gilid,mata sa harap,hindi ko alam,nakalimutan ko na,,,,,,,,,,,,,,,,,,,
ang pananakit ba ng iyong ulo ay madalas?,minsan,hindi po,oo,hindi ko alam,nakalimutan ko na,,,,,,,,,,,,,,,,,,,
"ma kasabay bang paglalagnat, ubo at sipon ito?",ubo,sipon,lagnat,"ubo, sipon at lagnat",ubo at sipon,lagnat lamang,wala,hindi ko alam,nakalimutan ko na,,,,,,,,,,,,,,,
"meron din bang kasamang nasusuka, nahihilo, pagkawalan ng malay at pagdurugo ng ilong?",nasusuka,nagsuka,nahihilo,nawalan ng malay,nagdugo ang ilong,wala,hindi ko alam,nakalimutan ko na,,,,,,,,,,,,,,,,
ano ang ginagawa mo para maibsan ang sakit ng iyong ulo?,pahinga,natulog,uminom ng maraming tubig,tumigil sa pagga gadget,wala,pinabayaan ko lang,uminom ng gamot,,,,,,,,,,,,,,,,,
meron ka bang nilalagay o iniinom na gamot para sa sakit ng ulo mo?,oo,wala,hindi ko alam,nakalimutan ko na,,,,,,,,,,,,,,,,,,,,
alin sa mga ito ang iyong naranasan?                                                                                                                                                                                                                                                                         1.) pamamaga ng tenga 2.) pananakit ng tenga 3.) kakaibang tutuli 4.) pangangati 5.) pamumula 6.) sugat sa tenga 7.) wala sa nabanggit,pamamaga ng tenga,pananakit ng tenga,kakaibang tutuli,pangangati ng tenga,pamumula ng tenga,sugat sa tenga,wala sa nabanggit,hindi ko alam,nakalimutan ko na,,,,,,,,,,,,,,,
kailan ito nagsimula?,ngayon lang,kahapon,nung isang araw,nung isang linggo,nung isang buwan,nakaraang taon,hindi ko alam,nakalimutan ko na,,,,,,,,,,,,,,,,
gaano katagal mo na ito nararanasan?,kalahating araw,isang araw,dalawang araw,tatlong araw,apat na araw,limang araw,anim na araw,pitong araw,higit sa pitong araw,hindi ko alam,nakalimutan ko na,,,,,,,,,,,,,
kaliwa o kanan ang apektado?,kaliwa,kanan,pareho,hindi ko alam,nakalimutan ko na,,,,,,,,,,,,,,,,,,,
bakit nagkaroon ka ng problema sa tenga?,kinagat ng langgam,napasukan ng tubig nung nag swimming,biglaan na lang,hindi ko alam,nakalimutan ko na,,,,,,,,,,,,,,,,,,,
sumasakit ba ang iyong tenga?,pagmalakas na tunog o nasigaw,"dahil sa face shield, sa likod ng tenga",kapag may sipon,kinagat ng langgam,oo,hindi,hindi ko alam,nakalimutan ko na,,,,,,,,,,,,,,,,
kung ito ay masakit? i-rate ang sakit mula 1-10 bilang 1 walang sakit ang 10 bilang pinakamasakit.,hindi masakit,konting sakit,isa,dalawa,tatlo,apat,lima,anim,pito,walo,siyam,sampu,,,,,,,,,,,,
ano ang ginagawa mo para mawala ang pananakit ng iyong tenga?,wala,wala,pinabayaan ko lang,uminom ng gamot,hindi ko alam,nakalimutan ko na,,,,,,,,,,,,,,,,,,
meron ka bang ininom na gamot para sa problema mo sa tenga?,oo,wala,nakalimutan ko na,hindi ko alam,,,,,,,,,,,,,,,,,,,,
"kung oo, anong gamot ito?",paracetamol,hindi ko alam,nakalimutan ko na,nakalimutan ko na,,,,,,,,,,,,,,,,,,,,
nakapagpacheck up ka na ba ng tenga?,hindi,oo,hindi ko alam,nakalimutan ko na,,,,,,,,,,,,,,,,,,,,
ano ang itsura ng tutuli mo sa tenga?,brown,yellow,pula,hindi ko alam,nakalimutan ko na,,,,,,,,,,,,,,,,,,,
maayos ba ang iyong pandinig,ayos naman,oo,hindi,opo,,,,,,,,,,,,,,,,,,,,
kailan ito nagsimula?,ngayon lang,kahapon,nung isang araw,nung isang linggo,nakaraang buwan,nakaraang taon,matagal na,nung sanggol pa lang ako,hindi ko alam,nakalimutan ko na,,,,,,,,,,,,,,
gaano katagal mo na ito nararanasan?,kalahating araw,isang araw,dalawang araw,tatlong araw,apat na araw,limang araw,anim na araw,pitong araw,higit sa pitong araw,hindi ko alam,nakalimutan ko na,,,,,,,,,,,,,
kaliwa o kanan tenga ang apektado?,kaliwa,kanan,kaliwa at kanan,hindi ko alam,nakalimutan ko na,,,,,,,,,,,,,,,,,,,
ano ang dahilan ng pagkahina na iyong pandinig?,simula pagkabata,impeksyon,sugat,komplikasyon mula sa sakit,natusok,hindi ko alam,nakalimutan ko na,,,,,,,,,,,,,,,,,
nakapagpacheck up ka ba sa doctor dahil dito?,opo,oo,hindi,hindi ko alam,nakalimutan ko na,,,,,,,,,,,,,,,,,,,
ano ang ginawa mo para sa paghina ng iyong pandinig?,irrigasyon ng tenga,nilinis,wala,nilagayan ng hydrogen peroxide,hindi ko alam,nakalimutan ko na,,,,,,,,,,,,,,,,,,
may ininom/pinapatak ka bang gamot para sa paghina ng iyong pandinig?,oo,opo,hindi,wala,hindi ko alam,nakalimutan ko na,,,,,,,,,,,,,,,,,,
"kung oo, anong gamot ito?",antibiotic,ear drops,hydrogen peroxide,biogesic,paracetamol,mefenamic,celecoxib,hindi ko alam,nakalimutan ko na,,,,,,,,,,,,,,,
alin sa mga sakit sa mata ang iyong naranasan?                                                                                                                                                                                                                                                       1.) pamamaga 2.) pamumula 3.) sugat sa mata 4.) panunuyo 5.) kuliti 6.) labis na pagmumuta 7.) sore eyes 8.) pangangati 9.) pananakit ng mata 10.) wala sa nabanggit,pamamaga ng mata,pamumula ng mata,sugat sa mata,panunuyo ng mata,kuliti,labis na pagmumuta,sore eyes,pangangati ng mata,pananakit ng mata,hindi ko alam,nakalimutan ko na,,,,,,,,,,,,,
"mula 1-10, bilang 1 walang sakit, at 10 pinakamasakit gaano ang sakit na iyong nararamdaman?",hindi masakit,isa,dalawa,tatlo,apat,lima,anim,pito,walo,siyam,sampu,hindi ko alam,nakalimutan ko na,,,,,,,,,,,
kailan ito nagsimula?,ngayon lang,kahapon,nung isang araw,nung isang linggo,nung isang buwan,nakaraang taon,hindi ko alam,nakalimutan ko na,,,,,,,,,,,,,,,,
gaano katagal mo na ito nararanasan?,kalahating araw,isang araw,dalawang araw,tatlong araw,apat na araw,limang araw,anim na araw,pitong araw,higit sa pitong araw,hindi ko alam,nakalimutan ko na,,,,,,,,,,,,,
kaliwa o kanang mata ang apektado?,kaliwa at kanan,kaliwa,kanan,hindi ko alam,nakalimutan ko na,,,,,,,,,,,,,,,,,,,
sa anong kadahilanan nagkaroon ka nito?,nakamot,bigla na lang,natusok,napasukan ng alikabok,kinagat ng insekto,hindi ko alam,nakalimutan ko na,,,,,,,,,,,,,,,,,
ano ang ginawa para mawala ang sakit sa iyong mata?,binabad sa tubig,nilinis yung sugat,wala,pinabayaan ko lang,hindi ko alam,nakalimutan ko na,,,,,,,,,,,,,,,,,,
meron ka bang ininom / pinatak na gamot para sa sakit sa iyong mata?,oo,opo,hindi ko alam,nakalimutan ko na,,,,,,,,,,,,,,,,,,,,
"kung oo, anong gamot ito?",paracetamol,biogesic,pangpatak sa mata,hindi ko alam,nakalimutan ko na,,,,,,,,,,,,,,,,,,,
malinaw ba ang iyong mga mata?,hindi po,oo,opo,malinaw,malabo,,,,,,,,,,,,,,,,,,,
malinaw ba ang paningin mo sa malapit o malayo?,sa malapit,sa malayo,hindi ko alam,nakalimutan ko na,,,,,,,,,,,,,,,,,,,,
kailan ito nagsimula?,nung nakaraang linggo,nakaraang buwan,nakaraang taon,matagal na,hindi ko alam,nakalimutan ko na,,,,,,,,,,,,,,,,,,
gaano katagal ka na nagsusuot ng salamin?,kalahating araw,isang araw,dalawang araw,tatlong araw,apat na araw,limang araw,anim na araw,pitong araw,higit sa pitong araw,hindi ko alam,nakalimutan ko na,matagal na,,,,,,,,,,,,
"anong mata ang apektado? kaliwa, kanan o pareho?",kaliwa,kanan,kaliwa at kanan,,,,,,,,,,,,,,,,,,,,,
anong ang possibleng dahilan nito?,biglaan na lamang,nahilo ako,madalas mag cellphone,madalas mag computer,madalas manuod ng tv,nagbabasa sa dilim,nagbabasa sa umaandar na kotse,hindi ko alam,nakalimutan ko na,,,,,,,,,,,,,,,
paulit-ulit mo bang nararanasan ang problemang ito?,oo,opo,hindi,hindi ko alam,nakalimutan ko na,,,,,,,,,,,,,,,,,,,
ano ang ginawa para umayos ang iyong mga mata?,nilinis ang mata,naglagay ng malamig na bimpo,binabad sa tubig,pinahinga,binawasan ang panunuod ng tv,binawasan ang pagce cellphone,iniiwasan na ang pagbasa sa dilim,wala,hindi ko alam,,,,,,,,,,,,,,,
meron ka bang ininom/pinapatak na gamot para makatulong sa pagbagal ng panlalabo ng iyong mga mata?,oo,opo,hindi,wala,hindi ko alam,nakalimutan ko na,,,,,,,,,,,,,,,,,,
"kung oo, anong gamot ito?",eye drops,hindi ko alam,nakalimutan ko na,,,,,,,,,,,,,,,,,,,,,
kailan ang huling check up ng iyong mga mata?,matagal na po,wala pa,hindi ko alam,nakalimutan ko na,,,,,,,,,,,,,,,,,,,,
"kung oo, ano ang inirecomenda ng doctor sa mata sa iyo?",magsuot ng salamin,bawasan ang pagga gadget,hindi ko alam,nakalimutan ko na,,,,,,,,,,,,,,,,,,,,
ikaw ba ay nagsusuot ng salamin? anong klase?,pagnagbabasa lang,antiradiation glasses,yung may grado,wala,hindi ko alam,hindi ko na sinusuot,ayoko suotin,nakalimutan ko na,,,,,,,,,,,,,,,,
"kung nagsusuot ng salamin, ano ang grade ng kanang mata mo?",walang grado,mababa lang,mas mababa sa 50,50 pataas,mas mababa sa 100,100,mas mataas sa 100,mababa sa 150,150,mas mababa sa 200,200,mas mababa sa 250,250,hindi ko alam,nakalimutan ko na,,,,,,,,,
"kung nagsusuot ng salamin, ano ang grade ng kaliwang mata mo?",walang grado,mababa lang,mas mababa sa 50,50 pataas,mas mababa sa 100,100,mas mataas sa 100,mababa sa 150,150,mas mababa sa 200,200,mas mababa sa 250,250,hindi ko alam,nakalimutan ko na,,,,,,,,,
malinaw na ba ang mata mo habang suot ang iyong salamin o kailangan mo pa magpacheck up sa doctor?,oo,opo,hindi po,medyo,hindi ko alam,hindi ko sinusuot,,,,,,,,,,,,,,,,,,
meron ka bang mga kondisyon katulad ng:                                                                                                                                                                                                                                                                  1.) alerhiya sa ilong 2.) sinusitis 3.) bukol sa ilong?,alerhiya sa ilong,sinusitis,bukol sa ilong,wala,hindi ko alam,nakalimutan ko na,,,,,,,,,,,,,,,,,,
kailan ito nagsimula?,ngayon lang,kalahating araw,isang araw,dalawang araw,tatlong araw,apat na araw,limang araw,anim na araw,pitong araw,higit sa pitong araw,hindi ko alam,nakalimutan ko na,,,,,,,,,,,,
gaano katagal mo na ito nararanasan? (sa isang taon),isang araw,dalawang araw,tatlong araw,apat na araw,limang araw,anim na araw,isang linggo,higit isang linggo,,,,,,,,,,,,,,,,
anong bahagi ng iyong ilong ang apektado?,kaliwa,kanan,pareho,hindi ko alam,nakalimutan ko na,,,,,,,,,,,,,,,,,,,
anong ang posibleng dahilan nito?,napasukan ng bagay,bigla na lang,natusok,kinagat ng lamok,alikabok,nung sanggol pa lang ako,hindi ko alam,nakalimutan ko na,,,,,,,,,,,,,,,,
ano ang ginawa mo para mawala ang sakit mo sa ilong?,dinala sa ospital,nilinis,binababad sa malamig na bimpo,binabad sa mainit na bimpo,iniwasan ang alikabok,hindi ko alam,nakalimutan ko na,,,,,,,,,,,,,,,,,
meron ka bang ininom na gamot para sa problema mo sa ilong?,oo,opo,wala,hindi ko alam,nakalimutan ko na,,,,,,,,,,,,,,,,,,,
"kung oo, anong gamot ito?",biogesic,paracetamol,antihistamine,antibiotic,cetirizine,disudrin,hindi ko alam,nakalimutan ko na,,,,,,,,,,,,,,,,
"alin sa mga sumusunod na problema sa ilong ang naranasan mo na?                                                                                                                                                                                                                                                                                       1.) sumakit ang ilong 2.) kumati ang ilong 3.)nagdugo ang ilong 4.) may naipasok sa ilong 5,) namamaga ang ilong 6.) wala sa nabanggit",sumakit ang ilong,kumati ang ilong,nagdugo ang ilong,napasukan ng bagay,namaga ang ilong,wala sa nabanggit,hindi ko alam,nakalimutan ko na,,,,,,,,,,,,,,,,
alin sa mga ito ang naipasok sa iyong ilong?                                                                                                                                                                                                                                                                 1.) papel 2.) plastik 3.) beads 4.) bato 5.) tisyu 6.) kahoy 7.) jolen 8.) beans,papel,plastik,beads,bato,tisyu,kahoy,jolen,beans,,,,,,,,,,,,,,,,
"mula 1-10, bilang 1 walang sakit, at 10 pinakamasakit gaano ang sakit na iyong nararamdaman?",walang sakit,isa,dalawa,tatlo,apat,lima,anim,pito,walo,siyam,sampu,,,,,,,,,,,,,
kailan ito nagsimula?,ngayon,kahapon,nung isang araw,nung isang linggo,nung isang buwan,nung isang taon,matagal na,hindi ko alam,hindi ko matandaan,,,,,,,,,,,,,,,
gaano katagal mo na ito nararanasan?,segundo,minuto,oras,kalahating araw,isang araw,dalawang araw,tatlong araw,apat na araw,limang araw,anim na araw,isang linggo,hindi ko alam,nakalimutan ko na,,,,,,,,,,,
kaliwa o kanang ilong?,kaliwa,kanan,pareho,hindi ko alam,nakalimutan ko na,,,,,,,,,,,,,,,,,,,
ano ang posibleng dahilan ng problema mo sa ilong?,napasukan ng tubig,kinagat ng insekto,biglaan na lang,natusok,impeksyon,nung sanggol pa lang ako,naalikabukan,sobrang init,hindi ko alam,nakalimutan ko na,,,,,,,,,,,,,,
ano ang ginawa mo para mawala ang problema mo sa ilong?,tumapat sa electric fan,nagpunas ng malamig na bimpo,nagdami ng mainit na bimpo sa ilong,umiwas sa alikabok,natulog,nagpahinga,pinabayaan ko lang,hindi ko alam,hindi ko matandaan,,,,,,,,,,,,,,,
uminom ka ba ng gamot para gumaling ang problema mo sa ilong?,oo,opo,hindi,wala,hindi ko alam,nakalimutan ko na,,,,,,,,,,,,,,,,,,
"kung oo, anong gamot ito?",antibiotics,antihistamine,biogesic,pain reliever,hindi ko alam,nakalimutan ko na,,,,,,,,,,,,,,,,,,
ikaw ba ay nagsisipilyo araw araw?,minsan lang sa umaga at gabi,lagi naman po,opo,"umaga, hapon, gabi",isa sa gabi,hindi,,,,,,,,,,,,,,,,,,
"kung hindi, bakit hindi ka nakakapagsipilyo?",nakalimutan ko,tinatamad ako,ayoko,walang sipilyo,walang toothpaste,ayoko ng lasa,hindi ko alam,,,,,,,,,,,,,,,,,
kailan ang huling check up sa dentista?,wala pa po,hindi pa po,sa school po,nung grade two po ako,matagal na po,wala po,kahapon,nung isang araw,nung isang linggo,nung isang buwan,nakaraang taon,bago magpandemaya,hindi ko alam,nakalimutan ko na,,,,,,,,,,
bakit ka bumisita sa dentista?,check up,nagpabunot ng ngipin,nagpalinis ng ngipin,nagpapasta,tinanggal yung bulok na ngipin,nagpa adjust ng braces,hindi ko alam,nakalimutan ko na,,,,,,,,,,,,,,,,
sumasakit ba ang iyong ngipin?,tuwing kumakain ng chocolate,nakagat ko yung kutsara,matagal na po,hindi pa po,in adjust yung braces,may tumutubong ngipin,wala na po bulok na ngipin,"opo, minsan",kumakain ng matatamis,minsan,nung nabungi,hindi,,,,,,,,,,,,
kailan pa ito nagsimula?,ngayon lang,kalahating araw na,isang araw na,kahapon lang,nung isang araw lang,nung isang linggo,nung isang buwan,hindi ko alam,nakalimutan ko na,,,,,,,,,,,,,,,
gaano na ito katagal na sumasakit?,kalahating araw,isang araw,dalawang araw,apat na araw,limang araw,anim na araw,isang linggo,higit sa isang linggo,hindi ko alam,nakalimutan ko na,,,,,,,,,,,,,,
anong parte ng ngipin ang apektado?,harap na ngipin,sa kaliwa sa likod,sa kanan sa likod,sa harap sa kanan,sa harap sa kaliwa,hindi ko alam,nakalimutan ko na,,,,,,,,,,,,,,,,,
ito ba ay paulit ulit nang problema?,oo,hindi,hindi ko alam,ewan ko,,,,,,,,,,,,,,,,,,,,
ano ang posibleng dahilan ng pananakit ng iyong ngipin?,nabubulok na ngipin,kumakain ng ice cream at kendi,impeksyon,pamamaga,hindi ko alam,nakalimutan ko na,,,,,,,,,,,,,,,,,,
kung ito ay masakit? i-rate ang sakit mula 1-10 bilang 1 walang sakit ang 10 bilang pinakamasakit.,konting sakit,isa,dalawa,tatlo,apat,lima,anim,pito,walo,siyam,sampu,,,,,,,,,,,,,
ano ang ginawa para mawala ang pananakit ng iyong ngipin?,binababad sa malamig na tubig,sumisipsip ng yelo,nagmumog ng asin,nagsisipilyo,nagmumumog,binabawasan ang pagkain ng matatamis,pinapabayaan ko lang,pinapahinga,tinutulog,hindi ko alam,nakalimutan ko na,,,,,,,,,,,,,
meron ka bang ininom na gamot para sa sakit ng ngipin?,oo,wala,hindi ko alam,nakalimutan ko na,,,,,,,,,,,,,,,,,,,,
"kung oo, anong gamot ito?",paracetamol,biogesic,tempra,calpol,,,,,,,,,,,,,,,,,,,,
alin sa mga ito ang nararanasan mong problema sa bibig?                                                                                                                                                                                                                                        1.) pananakit? 2. sugat? 3. singaw 4.) hindi sinasadyang pagkagat 5.) mabahong hininga 6.) wala sa nabanggit,pananakit,sugat,singaw,hindi sinasadyang pagkagat,mabahong hininga,wala sa nabanggit,hindi ko alam,,,,,,,,,,,,,,,,,
"mula 1-10, bilang 1 walang sakit, at 10 pinakamasakit gaano ang sakit na iyong nararamdaman?",walang sakit,isa,dalawa,tatlo,apat,lima,anim,pito,walo,siyam,sampu,,,,,,,,,,,,,
kailan ito nagsimula?,ngayon lang,kanina lang,kahapon,nung isang araw,nakaraang linggo,nakaraang buwan,hindi ko alam,nakalimutan ko na,,,,,,,,,,,,,,,,
gaano katagal mo na ito nararanasan?,isang araw,dalawang araw,tatlong araw,apat na araw,limang araw,anim na araw,isang linggo,higit sa isang linggo,hindi ko alam,nakalimutan ko na,,,,,,,,,,,,,,
ito ba ay paulit ulit nang problema?,oo,opo,hindi,hindi ko alam,nakalimutan ko na,,,,,,,,,,,,,,,,,,,
anong parte ng bibig ang apektado?,sa loob sa kanan,sa loob sa kaliwa,dila,sa harap sa kanan,sa harap sa kaliwa,hindi ko alam,nakalimutan ko na,,,,,,,,,,,,,,,,,
ano ang posibleng dahilan nito?,nakagat,hindi nagsisipilyo,pagkain,natusok,biglaan na lang,braces,hindi ko alam,nakalimutan ko na,,,,,,,,,,,,,,,,
ano ang  ginawa mo para mawala ang problema mo sa bibig?,uminom ng malamig at maraming tubig,nagmumog ng asin,nagsipilyo,nagbabad ng yelo,nagmumog,natulog,pinabayaan ko lang,hindi ko alam,nakalimutan ko na,,,,,,,,,,,,,,,
may ininom ka bang gamot para sa problema mo sa bibig?,oo,opo,wala,hindi ko alam,nakalimutan ko na,,,,,,,,,,,,,,,,,,,
"kung oo, anong gamot ito?",antibiotic,pain reliever,ointment para sa singaw,hindi ko alam,nakalimutan ko na,,,,,,,,,,,,,,,,,,,
sumasakit ba ang iyong lalamunan?,oo,opo,hindi,hindi ko alam,,,,,,,,,,,,,,,,,,,,
kung ito ay masakit? i-rate ang sakit mula 1-10 bilang 1 walang sakit ang 10 bilang pinakamasakit.,walang sakit,isa,dalawa,tatlo,apat,lima,anim,pito,walo,siyam,sampu,,,,,,,,,,,,,
kailan ito nagsimula?,ngayon lang,kanina lang,kahapon,nung isang araw,nung isang linggo,hindi ko alam,nakalimutan ko na,,,,,,,,,,,,,,,,,
gaano katagal mo na ito nararanasan?,kalahating araw,isang araw,dalawang araw,tatlong araw,apat na araw,limang araw,anim na araw,isang linggo,hindi ko alam,nakalimutan ko na,,,,,,,,,,,,,,
ito ba ay paulit ulit nang problema?,oo,opo,hindi,hindi ko alam,nakalimutan ko na,,,,,,,,,,,,,,,,,,,
"kung oo, ilang beses mo na ito nararanasan? (sa isang taon)",isang beses,dalawang beses,tatlong beses,apat na beses,limang beses,anim na beses,pitong beses,walong beses,siyam na beses,sampung beses,higit sa sampung beses,madalas,maraming beses,hindi ko alam,hindi ko matandaan,,,,,,,,,
ano ang posibleng dahilan nito?,tuwing nagkakasakit ako,kumakain ng ice cream,nabulunan,natuyo,bigla na lang,puro inom ng malamig na tubig,hindi ko alam,nakalimutan ko na,,,,,,,,,,,,,,,,
ano ang ginagawa mo para mawala ang pananakit ng iyong lalamunan,hindi kakain ng ice cream masyado,umiinom ng maraming tubig,nagto toothbrush,ginagawang kendi ang yelo,nagmumumog ng asin,nagmumumog,pinapabayaan ko lang,hindi ko alam,nakalimutan ko na,,,,,,,,,,,,,,,
mayroon ka bang gamot na iniinom para sa iyong lalamunan,wala po,meron,oo,hindi ko alam,nakalimutan ko na,,,,,,,,,,,,,,,,,,,
anong gamot ang iyong iniinom para sa iyong lalamunan,antibiotics,pain reliever,biogesic,paracetamol,calpol,tempra,hindi ko alam,nakalimutan ko na,,,,,,,,,,,,,,,,
nakakaranas ka ba ng pananakit ng dibdib,paminsan minsan lang,kapag hinihingal,"bigla na lang sumasakit, habang naglalaro ng cellphone",opo,hindi,hindi ko alam,nakalimutan ko na,,,,,,,,,,,,,,,,,
kung ito ay masakit? i-rate ang sakit mula 1-10 bilang 1 walang sakit ang 10 bilang pinakamasakit.,walang sakit,isa,dalawa,tatlo,apat,lima,anim,pito,walo,siyam,sampu,,,,,,,,,,,,,
kailan mo ito nagsimulang maranasan?,ngayon lang,kanina lang,kahapon,nung isang araw,nung isang linggo,nung isang buwan,nung isang taon,matagal na,hindi ko alam,nakalimutan ko na,,,,,,,,,,,,,,
gaano katagal ito na sumasakit,segundo,minuto,oras,hindi ko alam,nakalimutan ko na,,,,,,,,,,,,,,,,,,,
pauulit - ulit na ba itong problerma?,oo,opo,hindi,hindi ko alam,nakalimutan ko na,,,,,,,,,,,,,,,,,,,
"kung oo, ilang beses mo na ito nararanasan?",dalawang beses,tatlong beses,higit sa tatlong beses,hindi ko alam,nakalimutan ko na,,,,,,,,,,,,,,,,,,,
saang parte ito madalas na nararamadaman?,gitna,sa mismong puso,sa kaliwang bahagi,sa kanang bahagi,hindi ko alam nakalimutan ko na,,,,,,,,,,,,,,,,,,,
ano ang posibleng dahilan nito?,natamaan,nasuntok,biglaan na lang,hindi ko alam,nakalimutan ko na,,,,,,,,,,,,,,,,,,,
nagpacheck up ka na ba sa doctor?,oo,opo,hindi,hindi ko alam,nakalimutan ko na,matagal na,,,,,,,,,,,,,,,,,,
"kung oo, ano ang bilin o reseta ng doctor sa iyo?",uminom ng gamot,magpahinga,magpa admit,iwasan ang mabibigat na gawain,magbawas ng timbang,hindi ko alam,nakalimutan ko na,,,,,,,,,,,,,,,,,
ano ang ginagawa mo para mawala ang pananakit ng iyong dibdib,pinapabayaan ko lang,pinahinga,maglagay ng vicks,minasahe,hindi ko alam,nakalimutan ko na,,,,,,,,,,,,,,,,,,
uminom ka ba ng gamot para mawala ang pananakit ng iyong dibdib?,oo,opo,hindi,hindi ko alam,nakalimutan ko na,,,,,,,,,,,,,,,,,,,
"kung oo, ano ang gamot na ito?",pain reliever,hindi ko alam,nakalimutan ko na,,,,,,,,,,,,,,,,,,,,,
nakakaranas ka ba ng pagkahirap huminga,opo,naglalaro ng habulan,tuwing umaga,,,,,,,,,,,,,,,,,,,,,
meron ka bang history ng sakit sa puso?,sanggol pa lang,oo,opo,hindi,hindi ko alam,nakalimutan ko na,,,,,,,,,,,,,,,,,,
humirap ba ang iyong paghinga (na walang kinalaman sa alerdyi)?,oo,opo,hindi,hindi ko alam,nakalimutan ko na,,,,,,,,,,,,,,,,,,,
"kung oo, kailan mo ito naranasan?",sanggol pa lang,ngayon lang,kahapon,nung isang araw,nung isang linggo,nung isang buwan,nung isang taon,matagal na,hindi ko alam,nakalimutan ko na,,,,,,,,,,,,,,
gaano katagal mo na ito nararanasan?,segundo,minuto,mas matagal sa isang minuto,hindi ko alam,nakalimutan ko na,,,,,,,,,,,,,,,,,,,
ito ba ay paulit ulit nang problema?,oo,opo,hindi,hindi ko alam,nakalimutan ko na,,,,,,,,,,,,,,,,,,,
"kung oo, ilang beses mo na ito nararanasan?",dalawang beses,tatlong beses,apat na beses,higit sa apat na beses,hindi ko alam,nakalimutan ko na,,,,,,,,,,,,,,,,,,
ano ang posibleng dahilan nito?,malikot,pagkatapos magehersisyo,pagkatapos maglaro,nung sanggol pa lang,ubo at sipon,lagnat,ubo,sipon,hindi ko alam,nakalimutan ko na,,,,,,,,,,,,,,
ano ang iyong ginawa para lumuwag ang iyong paghinga?,naglagay ng vicks,nagpahid ng efficascent oil,minasahe,uminom ng kaunting tubig,mag inhaler,hindi ko alam,nakalimutan ko na,,,,,,,,,,,,,,,,,
may ininom ka bang gamot para makahinga ng maayos?,oo,wala,hindi ko alam,nakalimutan ko na,,,,,,,,,,,,,,,,,,,,
"kung oo, anong gamot ito?",inhaler,hindi ko alam,nakalimutan ko na,,,,,,,,,,,,,,,,,,,,,
nakapagpacheck up ka na ba sa doctor?,oo,hindi,hindi ko alam,nakalimutan ko na,,,,,,,,,,,,,,,,,,,,
"kung oo, ano ang bilin o reseta ng doctor sa iyo?",uminom ng gamot,magpahinga,umiwas sa mabibigat na gawain,wag labis na magehersisyo,mag inhaler,hindi ko alam,nakalimutan ko na,,,,,,,,,,,,,,,,,
meron ka bang history ng hika?,oo,wala,hindi ko alam,hindi ko matandaan,,,,,,,,,,,,,,,,,,,,
nakakarananas ka ba ng pananakit ng tiyan sa nakalipas na sampung araw?,oo,opo,hindi,hindi ko alam,nakalimutan ko na,,,,,,,,,,,,,,,,,,,
"mula 1-10, 1 walang sakit at 10 bilang pinakamasakit, paki-rate ang pain?",konting sakit,isa,dalawa,tatlo,apat,lima,anim,pito,walo,siyam,sampu,,,,,,,,,,,,,
kailan ito nagsimula?,ngayon lang,kahapon,nung isang araw,nung isang linggo,nung isang buwan pa,nakaraang taon pa,matagal na,hindi ko alam,nakalimutan ko na,,,,,,,,,,,,,,,
gaano ito katagal?,segundo,minuto,oras,higit sa isang oras,,,,,,,,,,,,,,,,,,,,
ito ba ay paulit-ulit nang problema?,oo,opo,hindi,hindi ko alam,hindi ko matandaan,,,,,,,,,,,,,,,,,,,
"kung oo, ilang beses mo na ito nararanasan? (sa isang taon)",dalawang beses,tatlong beses,apat na beses,limang beses,higit sa limang beses,hindi ko alam,nakalimutan ko na,,,,,,,,,,,,,,,,,
saang parte ito ng tiyan?,gitna,sa pusod,sa kaliwang parte,sa kanang parte,buong tiyan,hindi ko alam,hindi ko matandaan,,,,,,,,,,,,,,,,,
ano ang posibleng dahilan nito?,pagkumakain ng marami,sa tubig,kapag konti ang nakain,kapag konti lang yung natae,tuwing tumatae,"amoebiasis tatlong taong gulang, sensitive tiyan",kumain ng mangga,hindi ko alam,hindi ko matandaan,,,,,,,,,,,,,,,
nakapagpacheck up ka na ba sa doctor?,oo,hindi,wala pa,hindi ko alam,,,,,,,,,,,,,,,,,,,,
nakaranas ka ba ng pagtatae o hirap dumumi?,hirap dumumi,pagtatae,wala,hindi ko alam,nakalimutan ko na,,,,,,,,,,,,,,,,,,,
ilan beses ka na dumudumi simula nang sumakit ang iyong tiyan?,wala pa,isang beses,dalawang beses,tatlong beses,apat na beses,limang beses,anim na beses,pitong beses,walong beses,siyam na beses,sampung beses,higit sa sampung beses,hindi ko na alam,nakalimutan ko na,,,,,,,,,,
anong itsura ng iyong dumi?,tubig,tubig na may konting buo,malambot,buo,matigas,may dugo,hindi ko alam,hindi ko nakita,nakalimutan ko na,,,,,,,,,,,,,,,
ano ang ginawa mo para mawala ang pananakit ng iyong tiyan?,nilalagyan ng efficascent oil,naglalagay ng vicks,dumudumi,hindi ko alam,nakalimutan ko na,kakain ng papaya,kakain ng abokado,,,,,,,,,,,,,,,,,
meron ka bang ininom na gamot para sa pananakit ng iyong tiyan?,oo,wala,minsan,hindi ko alam,hindi ko matandaan,,,,,,,,,,,,,,,,,,,
"kung oo, anong gamot ito?",loperamide,imodium,pedialyte,hindi ko alam,hindi ko matandaan,,,,,,,,,,,,,,,,,,,
ikaw ba ay araw - araw dumu dumi?,oo,hindi,minsan minsan,hindi ko alam,hindi ko matandaan,,,,,,,,,,,,,,,,,,,
"kung oo, ilang beses ka dumudumi sa isang araw>",pagligo,araw araw tuwing hapon,isang beses,dalawang beses,hindi ko alam,hindi ko matandaan,,,,,,,,,,,,,,,,,,
"kung hindi, gaano kadalas ka dumumi sa isang linggo?",anim na beses,limang beses,apat na beses,tatlong beses,dalawang beses,isang beses,,,,,,,,,,,,,,,,,,
ano ang kulay ng iyong dumi?,hindi ko alam,kakulay ng saging,itim,dilaw,berde,hindi ko alam,hindi ko matandaan,,,,,,,,,,,,,,,,,
"ito ba ay buo, malambot, basa o tubig?",malambot,matigas,buo,medyo matigas,tubig,,,,,,,,,,,,,,,,,,,
madalas ka bang umihi? (,madalas umihi,pagumiinom ng maraming tubig,apat po,higit pa sa dalawa,tatlong beses,dalawang beses,araw araw higit dalawa,mahigit limang times,hindi ko alam,hindi ko matandaan,,,,,,,,,,,,,,
gaano karaming baso ng tubig ang iniinom mo araw araw?,dalawa,tatlo,apat,lima,anim,pito,walo,higit sa walong baso,hindi ko alam,hindi ko matandaan,,,,,,,,,,,,,,
anong kulay ng iyong ihi?,kakulay ng tubig,puti,maputlang dilaw,dilaw,maitim na dilaw,,,,,,,,,,,,,,,,,,,
nakakaramdam ka ba ng panankit habang umiihi?,hindi po,minsan po,wala po,oo,hindi ko alam,nakalimutan ko na,,,,,,,,,,,,,,,,,,
kung ito ay masakit? i-rate ang sakit mula 1-10 bilang 1 walang sakit at 10 bilang pinakamasakit.,medyo masakit,isa,dalawa,tatlo,apat,lima,anim,pito,walo,siyam,sampu,hindi ko alam,hindi ko matandaan,,,,,,,,,,,
kailan ito nagsimula?,ngayon lang,kanina,kahapon,nung isang araw,nung isang linggo,nung isang buwan,nung isang taon,matagal na,hindi ko alam,hindi ko matandaan,,,,,,,,,,,,,,
gaano katagal mo na ito nararanasan?,saglit lang,mabilis lang,segundo lang,minuto lang,hindi ko alam,hindi ko matandaan,,,,,,,,,,,,,,,,,,
ito ba ay paulit-ulit nang problema?,oo,opo,hindi,hindi ko alam,hindi ko matandaan,,,,,,,,,,,,,,,,,,,
"kung oo, ilang beses mo na ito nararanasan?",dalawang beses,tatlong beses,apat na beses,limang beses,higit sa limang beses,hindi ko alam,hindi ko matandaan,,,,,,,,,,,,,,,,,
ano ang posibleng dahilan nito?,konti ako uminom ng tubig,mahilig ako sa chichirya,mahilig ako sa soft drinks,mahilig ako sa maalat na pagkain,nagka uti na ako dati,hindi ko alam,hindi ko matandaan,,,,,,,,,,,,,,,,,
ano ang iyong ginawa para mawala ang pananakit habang ikaw ay umiihi?,uminom ng maraming tubig,iniwasan ang chichirya,iniwasanmag soft drinks,iniwasan ang maalat na pagkain,natulog,pinabayaan ko lang,hindi ko alam,hindi ko matandaan,nakalimutan ko na,,,,,,,,,,,,,,,
meron ka bang ininom na gamot para sa pananakit habang ikaw ay umiihi?,oo,opo,wala,hindi ko alam,hindi ko matandaan,,,,,,,,,,,,,,,,,,,
"kung oo, anong gamot ito?",pain reliever,hindi ko alam,hindi ko matandaan,nakalimutan ko na,,,,,,,,,,,,,,,,,,,,
pumunta ka ba sa doctor para magpacheck up tungkol dito?,oo,hindi,opo,hindi ko alam,nakalimutan ko na,,,,,,,,,,,,,,,,,,,
"kung oo, ano ang bilin o reseta ng doctor sa iyo?",uminom ng maraming tubig,tumigil magchichirya,tumigilmag soft drinks,tumigil kumain ng maalat,magpahinga,magpa admit,hindi ko alam,hindi ko matandaan,nakalimutan ko na,,,,,,,,,,,,,,,
mayroong bang sumasakit sa iyo habang naglalakad o tumatakbo?,oo,opo,tuhod,paa,paminsan lang,hindi ko alam,nakalimutan ko na,,,,,,,,,,,,,,,,,
kung ito ay masakit? i-rate ang sakit mula 1-10 bilang 1 walang sakit ang 10 bilang pinakamasakit.,walang sakit,isa,dalawa,tatlo,apat,lima,anim,pito,walo,siyam,sampu,hindi ko alam,hindi ko matandaan,,,,,,,,,,,
kailan ito nagsimula?,ngayon lang,kanina,kahapon,nung isang araw,nung isang linggo,nung isang buwan,nung isang taon,matagal na,hindi ko alam,nakalimutan ko na,,,,,,,,,,,,,,
gaano katagal mo na ito nararanasan?,segundo,minuto,oras,isang araw,dalawang araw,tatlong araw,apat na araw,limang araw,anim na araw,isang linggo,hindi ko alam,hindi ko matandaan,,,,,,,,,,,,
ito ba ay paulit-ulit nang problema?,oo,opo,hindi,hindi ko alam,hindi ko matandaan,,,,,,,,,,,,,,,,,,,
"kung oo, ilang beses mo na ito nararanasan? (sa isang taon)",dalawang beses,tatlong beses,apat na beses,limang beses,anim na beses,pitong beses,higit sa pitong beses,hindi ko alam,nakalimutan ko na,,,,,,,,,,,,,,,
ano ang posibleng dahilan nito?,nasobrahan sa paglalakad,paminsan minsan dahil sa kabigatan,kapag pagod,tuhod kapag tumatayo sa upuan,nasobrahan sa paglalaro,bigla na lang,hindi ko alam,hindi ko matandaan,nakalimutan ko na,,,,,,,,,,,,,,,
ano ang ginagawa mo para ma-ibsan ang sakit?,pahinga,umuupo lang,hindi ko alam,hindi ko matandaan,nakalimutan ko na,,,,,,,,,,,,,,,,,,,
uminom ka ba ng gamot?,oo,opo,hindi,hindi ko alam,hindi ko matandaan,nakalimutan ko na,,,,,,,,,,,,,,,,,,
"kung oo, anong gamot ito?",pain reliever,hindi ko alam,hindi ko matandaan,nakalimutan ko na,,,,,,,,,,,,,,,,,,,,
nakapagpacheck up ka na ba sa doctor dahil dito?,oo,opo,hindi,hindi ko alam,nakalimutan ko na,,,,,,,,,,,,,,,,,,,
"kung oo, ano ang bilin o reseta ng doctor sa iyo?",magpahinga,magpa admit sa hospital,may niresetang gamot,hindi ko alam,hindi ko matandaan,nakalimutan ko na,,,,,,,,,,,,,,,,,,
nagkaroon ka na ba ng mens?,oo,opo,hindi,hindi pa,,,,,,,,,,,,,,,,,,,,
"kung oo, kailan ang unang araw ng iyong huling regla?",ngayon,kanina lang,kahapon,nung isang araw,nung isang linggo,nung isang buwan,nung isang taon,hindi ko alam,nakalimutan ko na,,,,,,,,,,,,,,,
ilang araw ito kadalasanag tumatagal?,tatlo,apat,lima,apat hanggang lima,anim,higit sa anim na araw,hindi ko alam,hindi ko matandaan,,,,,,,,,,,,,,,,
ito ba ay buwan - buwan,opo,hindi,minsan,nag skip ng isang buwan,nag skip ng isang taon,hindi ko alam,nakalimutan ko na,,,,,,,,,,,,,,,,,
ikaw ba ay nakakaranas ng sobrang sakit na pagmemens? (sumasakit ang puson),oo,opo,minsan,hindi,hindi ko alam,hindi ko matandaan,nakalimutan ko na,,,,,,,,,,,,,,,,,
"mula 1-10, bilang 1 walang sakit, at 10 pinakamasakit gaano ang sakit na iyong nararamdaman?",walang sakit,isa,dalawa,tatlo,apat,lima,anim,pito,walo,siyam,sampu,hindi ko alam,hindi ko matandaan,,,,,,,,,,,
ano ang ginagawa mo para ma-ibsan ang sakit ng iyong puson?,natutulog,nagpapahinga,umiinom ng pain reliever,kumakain ng matatamis,nageehersisyo,hindi ko alam,hindi ko matandaan,nakalimutan ko na,,,,,,,,,,,,,,,,
natuli ka na ba?,hindi pa,opo,oo,nung sanggol pa lang ako,hindi ko alam,,,,,,,,,,,,,,,,,,,
"kung oo, kailan ka natuli?",pitong taong gulang,walong taong gulang,siyam na taong gulang,sampung taong gulang,nung sanggol pa lang ako,hindi ko alam,,,,,,,,,,,,,,,,,,
ilang araw naghilom ang sugat?,isang araw,dalawang araw,tatlong araw,apat na araw,limang araw,anim na araw,pitong araw,higit sa pitong araw,hindi ko alam,,,,,,,,,,,,,,,
masakit pa ba?,,oo,opo,minsan,hindi,hindi ko alam,,,,,,,,,,,,,,,,,,
"mula 1-10, bilang 1 walang sakit, at 10 pinakamasakit gaano ang sakit na iyong nararamdaman?",walang sakit,isa,dalawa,tatlo,apat,lima,anim,pito,walo,siyam,sampu,,,,,,,,,,,,,
uminom ka ba ng gamot matapos ka matuli?,oo,opo,hindi,hindi ko alam,nakalimutan ko na,,,,,,,,,,,,,,,,,,,
"kung oo, anong gamot ito?",pain reliever,antibiotics,hindi ko alam,hindi ko matandaan,nakalimutan ko na,,,,,,,,,,,,,,,,,,,
kailangan mo ba ng tulong (o sinusubuan ka pa ba) habang kumakain?,oo,opo,hindi na,hindi ko alam,,,,,,,,,,,,,,,,,,,,
"kung oo, ano klaseng tulong ang kailangan mo habang kumakain?",sinusubuan pa,hindi ko alam,,,,,,,,,,,,,,,,,,,,,,
ilang beses sa isang araw ka kumakain?,dalawang beses,tatlong beses,apat na beses,limang beses,anim na beses,hindi ko alam,,,,,,,,,,,,,,,,,,
kumakain ka ba ng mga prutas? anong mga prutas ang iyong kinakain?,opo,hindi,minsan,hindi palagi,depende sa prutas,,,,,,,,,,,,,,,,,,,
kumakain ka ba ng mga madadahong gulay? anong mga madadahong gulay ang iyong kinakain?,opo,hindi,minsan,hindi palagi,depende sa gulay,,,,,,,,,,,,,,,,,,,
nagmemeryenda ka ba?,oo,opo,minsan,hindi,hindi ko alam,,,,,,,,,,,,,,,,,,,
"kung oo, ilan beses ka magmeryenda?",isa,dalawa,tatlo,apat,higit sa apat na beses,hindi ko alam,,,,,,,,,,,,,,,,,,
ano klaseng meryenda ang madalas mong kainin?,prutas,biskwit,tinapay,juice,kendi,tsokolate,junk foods,cake,kahit ano,hindi ko alam,,,,,,,,,,,,,,
kaya mo bang buksan ang mga balot o lalagyan ng mga pagkain mag-isa?,opo,minsan,hindi,hindi ko alam,,,,,,,,,,,,,,,,,,,,
ikaw ba ay tumutulong sa paghahanda ng inyong pagkain?,opo,hindi,minsan,hindi ko alam,,,,,,,,,,,,,,,,,,,,
"kung oo, ano klaseng tulong ang iyong ginagawa?",naghahanda ng plato,naghahain,kumukuha ng kanin,nagluluto ng hotdog,gumagawa ng cookies,hindi ko alam,hindi ko matandaan,,,,,,,,,,,,,,,,,
kaya mo bang maubos ang pagkaing nakahain para sa iyo sa isang upuan?,hindi,oo,may natitira konti,minsan,hindi ko alam,,,,,,,,,,,,,,,,,,,
"kung hindi, gaaano karami ang natitira sa iyong pinggan?",konti,kalahati ng kinuha ko,madami,hindi ko alam,,,,,,,,,,,,,,,,,,,,
ano ang posibleng dahilan kung bakit hindi mo maubos ang pagkain mo?,busog na ako,marami akong kinuha,maraming nainom na tubig,mabilis mausog,hindi ko alam,,,,,,,,,,,,,,,,,,,
kaya mo bang bihisan ang iyong sarili?,oo,hindi,minsan,hindi ko alam,,,,,,,,,,,,,,,,,,,,
"kung hindi, ano klaseng tulong ang kailangan mo?",pagsuot ng damit,hindi ko alam,,,,,,,,,,,,,,,,,,,,,,
kaya mo bang gumamit ng banyo mag-isa? kaya mo bang hugasan ang sarili mo matapos umihi o dumumi?,oo,hindi,minsan,,,,,,,,,,,,,,,,,,,,,
kaya mo bang maligo ng mag-isa lamang?,oo,hindi,minsan,,,,,,,,,,,,,,,,,,,,,
"kung hindi, ano klaseng tulong ang kailangan mo?",paghuhugas matapos dumumi,paliligo,hindi ko alam,,,,,,,,,,,,,,,,,,,,,
"ikaw ba ay gumagalaw mag-isa at walang tulong (hal. lumipat sa upuan, umupo o tumayo)",oo,hindi,minsan,hindi ko alam,,,,,,,,,,,,,,,,,,,,
"kung hindi, ano klaseng tulong ang kailangan mo?",hindi ko alam,,,,,,,,,,,,,,,,,,,,,,,
ikaw ba ay may mga kalaro?,meron,marami,minsan,wala,,,,,,,,,,,,,,,,,,,,
ano ang iyong mga paboritong laro?,tayatayaan,habulan,basketball,volleyball,magbisikleta,sa celpone,chinese garter,lutolutuan,bahaybahayan,hindi ko alam,madami,,,,,,,,,,,,,
ikaw ba ay nahihirapan matulog sa gabi?,oo,opo,hindi,minsan,hindi ko alam,,,,,,,,,,,,,,,,,,,
"kung oo, alin sa mga ito ang dahilan kung bakit hindi ka makatulog                                                                                                                                                                                                                          1.) paghilik 2.) masamang panaginip 3.) hirap huminga 4.) hindi mapigilang pag-ihi 5.) pagihi sa kama 6.) ubo at sipon",masamang panaginip,baradong ilong,ubo at sipon,hindi ko alam,,,,,,,,,,,,,,,,,,,,
kailan nagsimula ang/ mga istorobo sa iyong pagtulog?,ngayon lang,nakaraang araw,nakaraang linggo,hindi ko alam,hindi ko matandaan,,,,,,,,,,,,,,,,,,,
ito ba ay paulit-ulit nang problema?,oo,minsan,hindi,hindi ko alam,,,,,,,,,,,,,,,,,,,,
"kung oo, ilang beses mo na ito nararanasan?",dalawang beses,tatlong beses,apat na beses,limang beses,anim na beses,pitong beses,walong beses,siyam na beses,sampung beses,hindi ko alam,,,,,,,,,,,,,,
ano ang kadalasan mong ginagawa para maresolba ang problema mo sa pagtulog?,,,pinapabayaan ko lang,magiiba ng posisyon,tatagilid,magkukumot,iinom ng gatas,,,,,,,,,,,,,,,,,
anong oras ka natutulog sa gabi?,7:00 pm,7:30 pm,8:00 pm,9:00 pm,10:00 pm,1030pm,11:00 pm,12:00 am,,,,,,,,,,,,,,,,
anong oras ka nagigising sa umaga,5:00 am,5:30 am,6:00 am,6:30 am,7:00 am,8:00 am,9:00 am,10:00 am,11:00 am,,,,,,,,,,,,,,,
ikaw ba ay may nakakaramdamang sakit o kirot sa katawan.,dahil sa sugat at dapa po,hindi naman po,hindi po,hindi po mam,kasi may pantal ako,kumirot ang puso dahil sa pagod,madalas,madalas po,masakit ang ulo at tiyan,masakit po yung tiyan,minsan,minsan po,opo,sakit ng ulo at ngipin,,,,,,,,,,
ikaw ba ay gustong mapag-isa.,minsan,hindi po,madalas po,hindi,hindi po mam,hindi po,hindi,minsan po,madalas,,,,,,,,,,,,,,,
ikaw ba ay madaling mapagod.,hindi po mam,minsan po,madalas po,tumatakbo ako sa labas,hindi po,minsan,minsan po mam,madalas,hindi po,madami ako energy,,,,,,,,,,,,,,
"ikaw ba ay di mapakali, di makaupo nang matagal sa isang lugar.",minsan po,minsan po ganyan,hindi po,minsan,madalas,hindi naman po,madalas,pag nabobored po ako,,,,,,,,,,,,,,,,
ikaw ba ay nagkakaroon ng problema sa aking titser.,minsan po,minsan po hindi ko naiintindihan ang tanong,hindi po,wala po kami problema ni teacher,hindi ko naintindihan yung tanong,hindi,hindi naman po,wala po,minsan,,,,,,,,,,,,,,,
ikaw ba ay hindi masyado interesado sa pag- aaral.,hindi po,"hindi po, mam",hindi po,hindi po,minsan po,minsan,hindi naman po,minsan,hindi ko po maintindihan,madalas po,hindi,,,,,,,,,,,,,
ikaw ba ay sobrang likot.,minsan,minsan po,hindi po,hindi di maintindihan yung tanong,madalas,hindi naman po,madalas po,opo,hindi,,,,,,,,,,,,,,,
ikaw ba ay madalas ay nangangarap ng gising.,hindi ko po maintindihan yung tanong,hindi ko po maintindihan ang tanong,opo,lagi po,lagi ko iniisip ang laro,madalas po,hindi po,minsan,minsan po,madalas,hindi,,,,,,,,,,,,,
ikaw ba ay mabilis malipat ang atensyon.,minsan po,madalas po,hindi po,ano po yung attention?,hindi,minsan,madalas,,,,,,,,,,,,,,,,,
ikaw ba ay takot sa mga bagong sitwasyon.,madalas po,madami po pinapagawa sa school,hindi po,opo,minsan po,hindi,ano po yung bagong sitwasyon,minsan,question mark po,hindi naman po,,,,,,,,,,,,,,
ikaw ba ay malungkutin.,minsan,hindi po,minsan po,madalas,hindi naman po,pagpinapalo ako,hindi,,,,,,,,,,,,,,,,,
ikaw ba ay iritable at madalas magalit.,minsan po,meron po ako akong dalawang kapatid na babae na gumaganti,inaaway kasi ako,madalas po,dahil binu bully ako ng kapatid kong babae,hindi ko naintindihan yung tanong,madalas,hindi po,madalas,minsan,pagmakalat yung gamit,kasi inaaway ako ng kaibigan ko,,,,,,,,,,,,
ikaw ba ay nakakaramdam ng kawalang pag- asa,minsan,hindi po,hindi ko naintindihan yung tanong,hindi ko maintindihan yung tanong,minsan po,hindi,minsan lang po,di ko alam kung bakit,,,,,,,,,,,,,,,,
ikaw ba ay hirap ituon ang pansin sa iisang bagay lamang.,ito po di ko maintindihan,opo madalas,hindi ko po maintindihan,minsan,hindi po,minsan po,hindi,minsan lang po,madalas po,,,,,,,,,,,,,,,
ikaw ba ay kaunting interes makipagkaibigan.,madalas po,hindi po,marami po akong friends sa online at sa school,minsan,hindi po,hindi,minsan po,question mark po,madalas,,,,,,,,,,,,,,,
ikaw ba ay nakikipag- away sa ibang bata.,hindi po,minsan binu bully ako,minsan po,minsan,hindi pa po,hindi naman po,nagkakapikunan sa laro,hindi,,,,,,,,,,,,,,,,
ikaw ba ay lumiliban o nag-aabsent sa klase.,minsan po,may sakit ako minsan,hindi po,hindi ko naintindihan yung tanong,minsan,kasi po masakit paa at tuhod ko kaya hindi ako pumasok,pinapatingin ko kay mama,madalas,minsan pag may sakit ako,minsan lang po,madalas po,tinatamad po,hindi,,,,,,,,,,,
ikaw ba ay bumababa ang mga marka sa eskwela.,minsan,minsan po,minsan,hindi,hindi po,ano po yung marka?,minsan lang po,bumaba po,dati pa,,,,,,,,,,,,,,,
ikaw ba ay walang tiwala sa sarili,hindi po,hindi ko naintindihan yung tanong,madalas,"pag may pangarap po ako, minsan po mahirap abutin",minsan po,minsan,minsan lang po,madalas po,hindi,,,,,,,,,,,,,,,
ikaw ba ay kumukunsulta sa doktor na wala naming nakikitang problema ang doktor.,hindi po mam,si mama nakikita ang sakit namin,hindi po,minsan,madalas,hindi,wala po,,,,,,,,,,,,,,,,,
ikaw ba ay hirap matulog.,minsan po mam,minsan naiinitan ako,minsan nalalamigan,minsan po,hindi pa kasi ako inaantok,hindi po,minsan,madalas,hindi naman po,madalas po,minsan lang po,pagumiinom ng kape,hindi,,,,,,,,,,,
ikaw ba ay palaging nag-aalala.,minsan po,hindi po,hindi ko naintindihan yung tanong,minsan,question mark po,baka po may nangyari na kay mama,si mama ko po,minsan lang po,pamilya ko po inaalala ko,baka maligaw mama ko,,,,,,,,,,,,,,
ikaw ba ay hirap humiwalay sa aking magulang,opo,marami akong kinatatakutan,hindi po,hindi ko naintindihan yung tanong,madalas,madalas po,pagwala sila nagce cellphone lang ako,minsan po,minsan lang po,minsan,,,,,,,,,,,,,,
ikaw ba ay hindi mabuting bata,minsan po,mabuti ako bata,mabuti po,hindi po,hindi ko po alam,hindi,hindi ko po maintindihan,mabuti akong bata,di po ako nangaaway,minsan,madalas po,,,,,,,,,,,,,
ikaw ba ay gumagawa ng mga bagay o aksyon na walang pag-iingat.,minsan po,madalas po,minsan,hindi,hindi po,hindi ko maintindihan yung tanong,,,,,,,,,,,,,,,,,,
ikaw ba ay palaging nasasaktan.,minsan po,pinapalo kasi minsan nila mama,napapalo po ako,hindi po,minsan,question mark,ano po ulit,hindi naman po,madalas po,hindi,nadadapa or napapalo po,lagi ako inaaway,mga kalaro kong lalaki at babae,,,,,,,,,,,
ikaw ba ay palaging kulang sa kasiyahan.,ano po ibig sabihin ng tanong na ito,hindi po po maintindihan,minsan,kapag wala akong kalaro,hindi po,hindi ko po naiintindihan yung tanong,madalas,question mark,"minsan po, pag sad ako",minsan po,lagi ako masaya,pagnapapagalitan,pagwala pamilya ko,madalas po,dahil pagumuulan di po ako makalaro,hindi,,,,,,,,
ikaw ba ay kumikilos ng hindi naaayon sa aking edad.,minsan,hindi po,minsan po,hindi po,question mark,pampabata po yung mga laro ko,madalas po,madalas,hindi ko maintindihan yung tanong,hindi,,,,,,,,,,,,,,
hindi nakikinig sa mga patakaran at paalala,minsan,hindi po,madalas,question mark po,nakikinig naman po,minsan po,maglinis ng higaan,madalas po,hindi,,,,,,,,,,,,,,,
ikaw ba ay hindi nagpapakita ng damdamin.,minsan po,nagpapakita ng damdamin,hindi po,hindi,minsan sinasabi ko,minsan hindi,di ko maintindihan yung tanong,madalas,minsan lang po,kapag malungkot ako,,,,,,,,,,,,,,
ikaw ba ay hindi naiintindihan ang damdamin ng ibang tao.,hindi ko po maintindihan itong tanong,opo,hindi ko po maintindihan,next question po,minsan,madalas,di ko maintindihan yung tanong,minsan po,madalas po,hindi po,,,,,,,,,,,,,,
ikaw ba ay mapanukso sa iba.,hindi po,minsan,hindi,hindi po ako palatukso,paano pong tukso?,minsan po,,,,,,,,,,,,,,,,,,
ikaw ba ay sinisisi sa iba ang masamang nangyayari sa akin.,hindi po,minsan,hindi,hindi naman po,minsan po,madalas po,"kahit wala ako kasalanan, dinadamay ako",,,,,,,,,,,,,,,,,
ikaw ba ay kumukuha ng bagay na hindi sa akin / o hindi ko pag- aari.,hindi po,hindi ko po naintindihan yung tanong,hindi,question mark po,minsan,minsan po,,,,,,,,,,,,,,,,,,
ikaw ba ay madamot.,hindi po,minsan,hindi naman po,hindi,minsan po,minsan lang po,namimigay po ako,,,,,,,,,,,,,,,,,